id;street_address;postal_code;city;state_province;country
1;mindshare Interactions Versatile;Frozen Rubber line;Damlabury;Sports withdrawal Architect;Senegal
2;Customer Cambridgeshire end-to-end;web-readiness copy;Altugashire;purple Credit Developer;Aruba, Hollanda
3;Table invoice;Berkshire Designer Slovenya;Ekşioğluhaven;policy;Katar
4;Pizza;interactive;Eronatview;orchid Leone Alaska;Etiyopya
5;Sausages ubiquitous Avon;Account Assimilated optical;East Baltaport;USB;Estonya
6;Neck quantifying object-oriented;azure optical Fresh;Önürmouth;blue invoice;Saint Helena, İngiltere
7;relationships deposit clicks-and-mortar;out-of-the-box payment calculating;Paksütstad;boliviano;Afganistan
8;Identity;Architect;West Alperfurt;Account;Mikronezya
9;Dynamic Pound;firewall;East Eğrim;Grass-roots Identity;Martinik, Fransa
10;Computer;open-source Montana;West Akbay;compressing Unbranded;Venezuela
