id;name;phone_number;email
1;Dollar Orta Innovative;infomediaries Specialist;Almga11@gmail.com
2;Ergonomic Sausages niches;navigate array Tasty;Blkba53@yahoo.com
3;deposit exuding;Refined users;Batrak1@yahoo.com
4;Function-based Bedfordshire;Mouse Nijerya Steel;Aanturul42@gmail.com
5;Gorgeous deposit;bandwidth Quality;Adk.Aaolu@hotmail.com
6;open-source Kids;Prairie moratorium Buckinghamshire;Badabul_Beok@gmail.com
7;Unit FTP;Avon Car;Bolmu86@gmail.com
8;solution invoice;transmit back-end;Be_zgrkey68@gmail.com
9;Metal;Shoes matrices SMS;Buday35@gmail.com
10;transform strategic neural;Data JBOD;Boran62@yahoo.com
